Workbook

Sheet Ветки
A1: № | B1: Статус | C1: Приоритет | D1: Дата | E1: Рубрика | F1: Формат / гипотеза | G1: О чём ветка | H1: Пост 1 — ХУК (≤500) | I1: Пост 2 | J1: Пост 3 | K1: Пост 4 / финал | L1: Вложение | M1: CTA | N1: Тренд / контекст | O1: Просмотры | P1: Ответы | Q1: Переходы в профиль | R1: Заметка по результату
A2: 1 | B2: Идея | C2: Средний | E2: Боль организатора | F2: Relatable / боль | G2: Таблица в вотсапе | H2: Организовать турнир на 8 команд — это 20% футбол и 80% переписка в вотсапе про то, у кого сколько очков. | I2: Сначала кажется, что справишься в заметках. Потом эксель. Потом кто-то пишет «а почему у нас 4 очка, а не 6», и ты полдня пересчитываешь вручную. | J2: Самое обидное: пока ты считаешь таблицу, ты не смотришь сам турнир, который сам же придумал. | K2: Мы сделали так, чтобы таблица считалась сама после каждого матча. Ты просто ведёшь игру. | L2: Скрин переписки в вотсапе про очки (можно инсценировать) ИЛИ фото рукописной таблицы с зачёркиваниями. | M2: Ссылку на tournable.app — последним постом или первым комментарием (не в хуке). | N2: Вечная боль
A3: 2 | B3: Идея | C3: Средний | E3: Боль организатора | F3: Список | G3: 5 стадий ведения вручную | H3: 5 стадий организатора любительского турнира: | I3: 1. «Да я в заметках всё запишу» 2. «Ладно, сделаю табличку в экселе» 3. «Почему формулы поехали» 4. «Ребята, я пересчитаю и скину» 5. Тихо гуглит, как это делают нормальные люди | J3: Если дошёл до пятой — ты по адресу. Есть инструмент, где сетка, расписание и таблица считаются сами. | L3: Можно без вложения. Или мем «стадии принятия». | M3: Без ссылки в тексте — только «ссылка в профиле». | N3: Evergreen
A4: 3 | B4: Идея | C4: Средний | E4: Боль организатора | F4: Вопрос-вовлечение | G4: Как ты считаешь таблицу | H4: Честный вопрос к тем, кто проводил турниры: как вы СЕЙЧАС считаете турнирную таблицу? | I4: Эксель / скрины в вотсапе / бумага / вообще на глаз? | J4: Пишите в комментах — сам года два вёл в экселе, пока не надоело. | L4: Опрос Threads (4 варианта) ИЛИ текст-вопрос. | M4: Мягко: в комментах «это Tournable, ссылка в профиле». | N4: Вовлечение
A5: 4 | B5: Идея | C5: Средний | E5: Боль организатора | F5: Relatable / боль | G5: Спор о голе | H5: Ничто не убивает дворовый турнир быстрее, чем спор «был гол или не был» без единой записи о том, кто вообще забивал. | I5: Через неделю никто не помнит счёт третьего матча. А статистику бомбардиров ведёт... никто. | J5: Поэтому мы фиксируем каждое событие: гол, ассист, карточку — с минутой и именем. Спорить становится не о чем. | L5: Скрин статистики матча из tournable.app (события по минутам с именами). | M5: Ссылку на tournable.app — последним постом или первым комментарием (не в хуке). | N5: Evergreen
A6: 5 | B6: Идея | C6: Средний | E6: Боль организатора | F6: Хот-тейк | G6: Эксель не для турниров | H6: Непопулярное мнение: эксель — худший инструмент для турнира, которым все пользуются по привычке. | I6: Он не строит сетку плей-офф. Не показывает расписание участникам. Не обновляет счёт в реальном времени. Не открывается нормально с телефона у зрителя. | J6: Он просто таблица. А турниру нужна система. | L6: Скрин кривого экселя vs чистая таблица Tournable. | M6: Ссылку на tournable.app — последним постом или первым комментарием (не в хуке). | N6: Evergreen
A7: 6 | B7: Идея | C7: Средний | E7: Хот-тейк | F7: Хот-тейк | G7: Любительский спорт недооценён | H7: Непопулярное мнение: любительский футбол в Казахстане недооценён из-за подачи, а не из-за уровня игры. | I7: Те же эмоции, та же драма на вылет, те же герои — но всё тонет в скриншотах из вотсапа. | J7: Дай дворовому турниру нормальную страницу, статистику и табло — по вовлечению он не уступит трансляции. | L7: Фото живого любительского матча (эмоции, атмосфера). | M7: Без ссылки в тексте — только «ссылка в профиле». | N7: Идентичность бренда
A8: 7 | B8: Идея | C8: Средний | E8: Хот-тейк | F8: Хот-тейк | G8: Не приложение, а ссылка | H8: Хот-тейк: если чтобы посмотреть счёт дворового турнира зрителю надо что-то скачать — вы уже проиграли. | I8: Никто не ставит приложение ради турнира на выходные. | J8: Всё должно открываться по одной ссылке. Отправил в чат — и мама игрока, и коллеги, и соперники уже всё видят. | L8: Скрин публичной страницы турнира в браузере телефона. | M8: Ссылку на tournable.app — последним постом или первым комментарием (не в хуке). | N8: Продуктовый принцип
A9: 8 | B9: Идея | C9: Средний | E9: Хот-тейк | F9: Хот-тейк | G9: Турнир не должен умирать | H9: Проблема любительских лиг: турнир заканчивается — и вся история умирает вместе с вотсап-чатом. | I9: Кто был чемпионом в прошлом сезоне? Кто был лучшим бомбардиром? Никто не помнит — нигде не записано. | J9: Профессиональный спорт держится на истории и статистике. Любительскому это нужно не меньше — просто инструментов не было. | L9: Скрин архива сезонов лиги / профиля игрока. | M9: Ссылку на tournable.app — последним постом или первым комментарием (не в хуке). | N9: Вижн
A10: 9 | B10: Идея | C10: Средний | E10: Хот-тейк | F10: Хот-тейк | G10: Формат решает | H10: Большинство дворовых турниров скучные не потому что игроки слабые, а потому что формат выбран лениво: «давайте каждый с каждым». | I10: Группы + плей-офф превращают выходные в драму на вылет. Швейцарка спасает, когда команд много, а времени мало. | J10: Формат — половина впечатления. Выбирайте осознанно. | L10: Скрин выбора формата ИЛИ схема сеток. | M10: Ссылку на tournable.app — последним постом или первым комментарием (не в хуке). | N10: Образовательный хот-тейк
A11: 10 | B11: Идея | C11: Средний | E11: Фича в действии | F11: Демо-фича | G11: Сетка за 10 секунд | H11: Раньше сетку плей-офф на 16 команд я рисовал в экселе минут сорок. И всё равно путался, кто с кем. | I11: Теперь: ввёл команды, выбрал «плей-офф» — сетка построилась сама. 10 секунд. | J11: И она сразу живая: вписал результат — победитель автоматически уехал в следующий раунд. | L11: Видео-скринкаст: генерация сетки плей-офф. | M11: Ссылку на tournable.app — последним постом или первым комментарием (не в хуке). | N11: Ядро продукта
A12: 11 | B12: Идея | C12: Средний | E12: Фича в действии | F12: Демо-фича | G12: Живое табло | H12: Показываю вещь, от которой зрители на дворовом турнире реально залипают. | I12: Ты вбиваешь гол с телефона на поле — счёт мгновенно меняется у ВСЕХ, кто открыл ссылку. Хоть у сотни человек. | J12: Можно вывести на телевизор или проектор — выглядит как настоящая трансляция. Без единого приложения. | L12: Видео: сплит-скрин (ввод гола + обновление у зрителя) или табло на ТВ. | M12: Ссылку на tournable.app — последним постом или первым комментарием (не в хуке). | N12: Флагманская фича
A13: 12 | B13: Идея | C13: Средний | E13: Фича в действии | F13: Демо-фича | G13: Профили игроков | H13: Момент, когда любительская лига перестаёт быть «просто турниром»: у каждого игрока появляется свой профиль. | I13: Голы, ассисты, карточки, матчи по сезонам — всё копится. Дворовый форвард получает страницу статистики, как у профи. | J13: Это то, ради чего игроки возвращаются в лигу из года в год. | L13: Скрин страницы игрока (статистика по сезонам). | M13: Ссылку на tournable.app — последним постом или первым комментарием (не в хуке). | N13: Удержание
A14: 13 | B14: Идея | C14: Средний | E14: Фича в действии | F14: Демо-фича | G14: Отчёт в один клик | H14: После турнира всем нужен «итоговый пост»: таблица, сетка, бомбардиры, красиво. | I14: Обычно это фотошоп или сбор скриншотов. Или не делать вообще. | J14: Один клик — брендированный PDF с логотипом турнира. Или PNG отдельной таблицы прямо в чат. | L14: Видео экспорта брендированного отчёта. | M14: Ссылку на tournable.app — последним постом или первым комментарием (не в хуке). | N14: Продукт
... A32: 31 | B32: Идея | C32: Средний | E32: Образовательное | F32: Чек-лист | G32: Перед стартом турнира | H32: Чек-лист перед запуском любительского турнира: | I32: 1. Определи формат под число команд 2. Собери точные названия команд 3. Реши, как ведёшь счёт (не в голове) 4. Заранее раздай ссылку на страницу турнира 5. Назначь соредактора, если ведёшь не один | J32: Пройдёшь эти пять — турнир не развалится на третьем туре. | L32: Чек-лист картинкой (Canva). | M32: Ссылку на tournable.app — последним постом или первым комментарием (не в хуке). | N32: Сохранения
A33: 32 | B33: Идея | C33: Средний | E33: Вовлечение | F33: Опрос | G33: Формат мечты | H33: Опрос для тех, кто играет в любительских турнирах: какой формат заходит больше всего? | I33: Круговая / Плей-офф / Группы + плей-офф / Швейцарка | L33: Опрос Threads (4 варианта). | M33: Мягко: в комментах «это Tournable, ссылка в профиле». | N33: Вовлечение
A34: 33 | B34: Идея | C34: Средний | E34: Вовлечение | F34: Вопрос | G34: Худший турнир | H34: Расскажите самую эпичную историю провала на любительском турнире. | I34: Судья потерялся? Команда не пришла на финал? Спор о голе перешёл в драку? Кубок отдали не тем из-за неправильной таблицы? | J34: Собираю коллекцию боли — делитесь. | L34: Без вложения. | M34: Мягко: в комментах «это Tournable, ссылка в профиле». | N34: Виральность
A35: 34 | B35: Идея | C35: Средний | E35: Вовлечение | F35: Вопрос | G35: Сколько времени уходит | H35: Вопрос к организаторам: сколько времени реально уходит на «бумажную» часть — расписание, таблица, подсчёты? | I35: Час? Три? Весь турнир напролёт? | J35: Пытаюсь понять, насколько это массовая боль или только моя травма. | L35: Без вложения. | M35: Мягко: в комментах «это Tournable, ссылка в профиле». | N35: Research
A36: 35 | B36: Идея | C36: Средний | E36: Вовлечение | F36: Спорное мнение | G36: Кубок или организация | H36: Спорный вопрос: что важнее для любительского турнира — крутой кубок или нормальная организация? | I36: Одни готовы играть за копеечную медаль, если всё чётко. Другие придут только за призом. | J36: А вы за что играете? | L36: Фото кубка/медалей. | M36: Мягко: в комментах «это Tournable, ссылка в профиле». | N36: Вовлечение
A37: 36 | B37: Идея | C37: Средний | E37: Вовлечение | F37: Челлендж | G37: Назови чемпиона | H37: Челлендж: назови команду из своего двора/офиса/универа, которая выиграла бы турнир прямо сейчас. | I37: Отметь их. Пусть знают, что на них ставят. | J37: А потом — почему бы реально не проверить это на турнире? | L37: Без вложения. | M37: Без ссылки в тексте — только «ссылка в профиле». | N37: Посев интереса
A38: 37 | B38: Идея | C38: Средний | E38: Локальный контекст KZ | F38: Локальный инсайт | G38: Дворовый футбол в РК | H38: В Казахстане дворовый и любительский футбол огромный — LLF, ASTFL, корпоративные лиги, универ-турниры каждую неделю. | I38: Но почти всё ведётся в вотсапе и экселе. Нормального локального инструмента под это просто не было. | J38: Мы делаем его. Казахстанский продукт под казахстанский любительский спорт. | L38: Фото местного любительского матча. | M38: Ссылку на tournable.app — последним постом или первым комментарием (не в хуке). | N38: Локальный патриотизм
A39: 38 | B39: Идея | C39: Средний | E39: Локальный контекст KZ | F39: Двуязычный | G39: Каз/рус интерфейс | H39: Мелочь, которая не мелочь: платформа полностью работает на казахском, русском и английском. | I39: Турнир в ауле, корпоративная лига в Астане, студенческий чемпионат — интерфейс и страница на языке твоей аудитории. | J39: Локальный продукт должен говорить на языке региона. По умолчанию. | L39: Скрин интерфейса на казахском. | M39: Ссылку на tournable.app — последним постом или первым комментарием (не в хуке). | N39: Локализация
A40: 39 | B40: Идея | C40: Средний | E40: Локальный контекст KZ | F40: Вопрос локальный | G40: Какая лига твоя | H40: Вопрос к тем, кто в теме любительского футбола в Казахстане: за какую лигу или команду топите? | I40: LLF, ASTFL, корпоративная, универ, дворовая на районе? | J40: Собираю карту, кто где играет. | L40: Без вложения. | M40: Мягко: в комментах «это Tournable, ссылка в профиле». | N40: Локальное вовлечение
A41: 40 | B41: Идея | C41: Средний | E41: Локальный контекст KZ | F41: На волне ЧМ локально | G41: Наш уровень подачи | H41: Пока весь мир смотрит чемпионат мира, у нас в Казахстане каждые выходные проходят десятки своих турниров. | I41: Разница только в подаче: у ЧМ табло, статистика, красивые сетки. У нас — скрин таблицы в чате. | J41: А ведь тот же уровень подачи давно доступен и для дворовой лиги. Без бюджета FIFA. | L41: Фото местного турнира + скрин Tournable. | M41: Ссылку на tournable.app — последним постом или первым комментарием (не в хуке). | N41: Локально + тренд
A42: 41 | B42: Идея | C42: Средний | E42: Кейс / история | F42: Соцдоказательство | G42: Первый живой турнир | H42: Сегодня особенный день: на Tournable провели первый реальный турнир. Не демо, не тестовые данные — живые команды, живой организатор. | I42: [короткий отзыв организатора] | J42: Спасибо [имя/лига] за доверие. Это только начало. | L42: Скринкаст реального турнира пилота (с согласия) + скрин отзыва. | M42: Ссылку на tournable.app — последним постом или первым комментарием (не в хуке). | N42: Когда появится пилот
A43: 42 | B43: Идея | C43: Средний | E43: Кейс / история | F43: До/после | G43: Как менялся турнир | H43: До: таблица в экселе, счёт в вотсапе, половина участников не знает расписание. | I43: После: одна ссылка, где всё — расписание, счёт, таблица, бомбардиры. Обновляется само. | J43: Один и тот же турнир. Разница только в инструменте. | L43: Сравнение: эксель vs страница Tournable. | M43: Ссылку на tournable.app — последним постом или первым комментарием (не в хуке). | N43: Evergreen кейс
A44: 43 | B44: Идея | C44: Средний | E44: Кейс / история | F44: Мини-кейс | G44: Что спрашивают на демо | H44: Показал продукт нескольким организаторам. Три вопроса, которые задают чаще всего: | I44: 1. «Можно группы, а потом плей-офф?» — да. 2. «Зрителям надо что-то скачивать?» — нет, просто ссылка. 3. «Статистика игроков ведётся?» — да, сама. | J44: Если у тебя те же вопросы — ответ на все три «да». | L44: Скрин соответствующих фич. | M44: Ссылку на tournable.app — последним постом или первым комментарием (не в хуке). | N44: Evergreen
A45: 44 | B45: Идея | C45: Средний | E45: Короткое / цитата | F45: Одиночный пост | G45: Честность важнее кубка | H45: Лучший турнир — не тот, где дорогой кубок. А тот, где всё было честно посчитано и никто не ушёл обиженным. | L45: Чистый текст на брендовом фоне (Canva) — как открытка-цитата. | M45: Без ссылки в тексте — только «ссылка в профиле». | N45: Эмоция, стиль sajda
A46: 45 | B46: Идея | C46: Средний | E46: Короткое / цитата | F46: Одиночный пост | G46: Уважение к организатору | H46: Организатор турнира — это человек, который делает так, чтобы 100 людей просто пришли и поиграли. Самая недооценённая роль в любительском спорте. | L46: Текст-открытка на брендовом фоне. | M46: Без ссылки в тексте — только «ссылка в профиле». | N46: Эмоция
A47: 46 | B47: Идея | C47: Средний | E47: Короткое / цитата | F47: Одиночный пост | G47: Первая лига в жизни | H47: Дворовый футбол — это первая лига в жизни каждого. Она заслуживает такого же уважения, как и большая. | L47: Фото дворового поля / детского турнира. | M47: Без ссылки в тексте — только «ссылка в профиле». | N47: Эмоция
A48: 47 | B48: Идея | C48: Средний | E48: Короткое / цитата | F48: Одиночный пост | G48: Начни сегодня | H48: Финал случается только для тех, кто начал. Твой турнир не соберётся сам — но соберётся за минуту, если начать сегодня. | L48: Текст-открытка. | M48: Мягко: в комментах «это Tournable, ссылка в профиле». | N48: Мотивация
A49: 48 | B49: Идея | C49: Средний | E49: Короткое / цитата | F49: Одиночный пост | G49: Память турнира | H49: Через год ты не вспомнишь счёт. Но вспомнишь, что турнир был по-настоящему организован. Детали решают. | L49: Текст-открытка. | M49: Без ссылки в тексте — только «ссылка в профиле». | N49: Эмоция

Sheet Дашборд
B2: Tournable — Threads: панель управления
B3: 48 готовых веток. Заполняй метрики после публикации — статистика ниже пересчитается сама.
B4: СВОДКА
B5: Всего веток | C5: ==COUNT(Ветки!A2:A400)
B6: Опубликовано | C6: ==COUNTIF(Ветки!B:B,"Опубликовано")+COUNTIF(Ветки!B:B,"Успех")+COUNTIF(Ветки!B:B,"Провал")
B7: Из них «Успех» | C7: ==COUNTIF(Ветки!B:B,"Успех")
B8: Идеи и план | C8: ==COUNTIF(Ветки!B:B,"Идея")+COUNTIF(Ветки!B:B,"Запланировано")
B9: Успех-рейт | C9: ==IFERROR(C7/C6,0)
B11: ПО РУБРИКАМ
B12: Рубрика | C12: Кол-во | D12: Ср. просмотры | E12: Ср. переходы
B13: Боль организатора | C13: ==COUNTIF(Ветки!$E:$E,B13) | D13: ==IFERROR(AVERAGEIF(Ветки!$E:$E,B13,Ветки!$O:$O),0) | E13: ==IFERROR(AVERAGEIF(Ветки!$E:$E,B13,Ветки!$Q:$Q),0)
B14: Хот-тейк | C14: ==COUNTIF(Ветки!$E:$E,B14) | D14: ==IFERROR(AVERAGEIF(Ветки!$E:$E,B14,Ветки!$O:$O),0) | E14: ==IFERROR(AVERAGEIF(Ветки!$E:$E,B14,Ветки!$Q:$Q),0)
B15: Фича в действии | C15: ==COUNTIF(Ветки!$E:$E,B15) | D15: ==IFERROR(AVERAGEIF(Ветки!$E:$E,B15,Ветки!$O:$O),0) | E15: ==IFERROR(AVERAGEIF(Ветки!$E:$E,B15,Ветки!$Q:$Q),0)
B16: Тренд / большой футбол | C16: ==COUNTIF(Ветки!$E:$E,B16) | D16: ==IFERROR(AVERAGEIF(Ветки!$E:$E,B16,Ветки!$O:$O),0) | E16: ==IFERROR(AVERAGEIF(Ветки!$E:$E,B16,Ветки!$Q:$Q),0)
B17: Build in public | C17: ==COUNTIF(Ветки!$E:$E,B17) | D17: ==IFERROR(AVERAGEIF(Ветки!$E:$E,B17,Ветки!$O:$O),0) | E17: ==IFERROR(AVERAGEIF(Ветки!$E:$E,B17,Ветки!$Q:$Q),0)
B18: Образовательное | C18: ==COUNTIF(Ветки!$E:$E,B18) | D18: ==IFERROR(AVERAGEIF(Ветки!$E:$E,B18,Ветки!$O:$O),0) | E18: ==IFERROR(AVERAGEIF(Ветки!$E:$E,B18,Ветки!$Q:$Q),0)
B19: Вовлечение | C19: ==COUNTIF(Ветки!$E:$E,B19) | D19: ==IFERROR(AVERAGEIF(Ветки!$E:$E,B19,Ветки!$O:$O),0) | E19: ==IFERROR(AVERAGEIF(Ветки!$E:$E,B19,Ветки!$Q:$Q),0)
B20: Локальный контекст KZ | C20: ==COUNTIF(Ветки!$E:$E,B20) | D20: ==IFERROR(AVERAGEIF(Ветки!$E:$E,B20,Ветки!$O:$O),0) | E20: ==IFERROR(AVERAGEIF(Ветки!$E:$E,B20,Ветки!$Q:$Q),0)
B21: Кейс / история | C21: ==COUNTIF(Ветки!$E:$E,B21) | D21: ==IFERROR(AVERAGEIF(Ветки!$E:$E,B21,Ветки!$O:$O),0) | E21: ==IFERROR(AVERAGEIF(Ветки!$E:$E,B21,Ветки!$Q:$Q),0)
B22: Короткое / цитата | C22: ==COUNTIF(Ветки!$E:$E,B22) | D22: ==IFERROR(AVERAGEIF(Ветки!$E:$E,B22,Ветки!$O:$O),0) | E22: ==IFERROR(AVERAGEIF(Ветки!$E:$E,B22,Ветки!$Q:$Q),0)
B24: ПО СТАТУСУ
B25: Идея | C25: ==COUNTIF(Ветки!B:B,"Идея")
B26: Запланировано | C26: ==COUNTIF(Ветки!B:B,"Запланировано")
B27: Опубликовано | C27: ==COUNTIF(Ветки!B:B,"Опубликовано")
B28: Успех | C28: ==COUNTIF(Ветки!B:B,"Успех")
B29: Провал | C29: ==COUNTIF(Ветки!B:B,"Провал")
B31: Открыть Threads

Sheet Идеи (бэклог)
A1: № | B1: Статус | C1: Приоритет | D1: Дата | E1: Рубрика | F1: Формат / гипотеза | G1: О чём ветка | H1: Пост 1 — ХУК (≤500) | I1: Пост 2 | J1: Пост 3 | K1: Пост 4 / финал | L1: Вложение | M1: CTA | N1: Тренд / контекст | O1: Просмотры | P1: Ответы | Q1: Переходы в профиль | R1: Заметка по результату
A2: 1 | B2: Идея | C2: Средний | E2: Хот-тейк | F2: (твой формат) | G2: О чём ветка одной строкой | H2: Хук — первый пост, до 500 символов | I2: Второй пост... | L2: Что за картинка/видео/скрин | M2: Где ссылка | N2: Какой тренд

Sheet Как вести
A1: Как пользоваться этим файлом
A2: 4 листа: «Дашборд» (авто-статистика), «Ветки» (готовая база), «Идеи (бэклог)» (куда скидывать своё), «Как вести» (этот лист). Публикуй посты ветки один за другим ответом на предыдущий.
A4: Рабочий процесс
A5: 1. Выбери ветку | B5: На листе «Ветки» отфильтруй по рубрике. Поставь «Приоритет» и «Дата».
A6: 2. Опубликуй | B6: Пост 1 → затем Пост 2 ответом на него → и т.д. Ссылку — в последний пост или комментарий.
A7: 3. Отметь статус | B7: Смени «Идея» на «Опубликовано». Цвет строки поменяется сам.
A8: 4. Впиши метрики | B8: Через день-два внеси Просмотры / Ответы / Переходы. Дашборд пересчитает средние по рубрикам.
A9: 5. Удваивай победителей | B9: Смотри на дашборде, какая рубрика даёт больше переходов — пиши в ней чаще. Ставь «Успех»/«Провал».
A11: Правила Threads
A12: Лимит 500 символов | B12: На один пост ветки. Все тексты в базе уже в лимите.
A13: Хук решает | B13: Первый пост цепляет за секунду, иначе ветку не откроют.
A14: Ссылка не в хуке | B14: Ссылка в первом посте режет охват. Давай её последним постом или первым комментарием.
A15: Заканчивай вопросом | B15: Threads поднимает то, что собирает ответы. Отвечай на комментарии.
A16: Без эмодзи | B16: Чистый премиум-тон. Ритм — короткими строками, а не смайлами.
A17: Частота | B17: 1-3 ветки в день — норма. Самый дешёвый канал, веди даже без видео.
A19: Стиль (взято у сильных аккаунтов, напр. sajda_app)
A20: Текст-первый | B20: Простые, чистые формулировки без графического мусора. Мысль важнее оформления.
A21: Прямое обращение | B21: Пиши «ты», «тебе». Личный, тёплый тон бьёт сильнее корпоративного.
A22: Одна мысль — один пост | B22: Рубрика «Короткое / цитата»: одна сильная фраза-открытка. Такие собирают больше всего реакций.
A23: Постоянство | B23: Один узнаваемый голос и визуальный стиль (брендовые фоны в Canva для цитат).
A24: Разнообразие форматов | B24: Чередуй боль, хот-тейки, фичи, вопросы — монотонность убивает охват.
A26: Рубрики (для теста гипотез)
A27: Боль организатора
A28: Хот-тейк
A29: Фича в действии
A30: Тренд / большой футбол
A31: Build in public
A32: Образовательное
A33: Вовлечение
A34: Локальный контекст KZ
A35: Кейс / история
A36: Короткое / цитата
